{
    "99999913782": {
        "DailyMinimumDryBulbTemperature": 0.999993134748392,
        "Weighted R2 score": 0.999993134748392
    }
}