{
    "99999904990": {
        "DailyMinimumDryBulbTemperature": 0.999984428671417,
        "DailyDepartureFromNormalAverageTemperature": 0.9930511181971303,
        "DailyAverageDryBulbTemperature": 0.99982419422719,
        "DailyMaximumDryBulbTemperature": 0.9999945819487935,
        "Weighted R2 score": 0.9999945819487935
    }
}